title,post_text,author,date,upvotes,subreddit
Hyundai’s NACS adapter for EVs will be free to all existing owners | Existing Hyundai EV owners will just need their VIN to claim their free adapter.,,ControlCAD,1739624659.0,251.85999999999999,ElectricVehicles
"The EV2 is Kia’s smallest, cheapest electric car, and it’s coming your way soon",,self-fix,1739638085.0,117.11999999999999,ElectricVehicles
"Chevy Unveils New Spark EV For South America, Courtesy Of China",,Apolloie2590,1739637986.0,78.2,ElectricVehicles
"Wuling Zhiguang EV with 201 km range enters market at 6,590 USD",,tech57,1739626618.0,34.86,ElectricVehicles
How Pakistan could undercut US efforts to curb China's EV boom,,TOOTHTODAY,1739619755.0,12.07,ElectricVehicles
Scout EV Updates - Specifically about the Harvester.,"Based on what the CEO stated in this podcast - the generator we thought was coming will actually now be a hybrid with 120-150 miles of range and 350 miles of range gas 2.0l motor. The regular EV version will have 350 miles of range. 

There’s a lot of information in the forum link, but that’s the jist of the large change. ",AsterismRaptor,1739570980.0,48.16,ElectricVehicles
Acura Reconsiders EV-Only Future and Eyes the Return of Hybrid Models,,jeffsmith202,1739579450.0,28.0,ElectricVehicles
Mazda plans $150 million investment in Thailand EV production,,tomandluce,1739548596.0,118.34,ElectricVehicles
"Porsche to cut nearly 2,000 German jobs as EV struggles worsen",,deppaotoko,1739517327.0,528.0,ElectricVehicles
The ultimate stress test for electric vehicles,"Interesting article that lines up with my experiences exactly.

https://driving.ca/features/winter-driving/electric-vehicle-stress-test",Apellio7,1739575771.0,6.3,ElectricVehicles
Is My Volkswagen Passat PHEV Charging Too Slowly? Seeking Insights,"I’ve had my 2025 Volkswagen Passat plug-in hybrid (PHEV) for a couple of months now, and I specifically chose this model because of its 50 kW DC fast-charging capacity, thinking it would be great for road trips. However, when I take it to fast chargers rated at 300+ kW, the best charging speed I’ve ever seen is 15 kW—far below what I expected.

For context:
	•	Temperatures have been between 26°F and 46°F (-3°C to 8°C) since I got the car.
	•	I mostly use a home trickle charger (which works fine for daily use), but I’m concerned about road trips as the weather warms up.
	•	I’ve only used public fast chargers, not home DC charging.
	•	I know cold weather affects charging speeds, but this seems like an extreme reduction.

Is this kind of speed normal for winter conditions with a PHEV? Can I expect an improvement once the weather warms up? Are there settings, preconditioning steps, or other factors that could be affecting my charging speed? I’d appreciate any insights from other Passat PHEV owners or EV enthusiasts who’ve experienced similar issues!",RamMasterFlash84,1739608667.0,0.55,ElectricVehicles
EVs At 25.1% Share In Germany – Volkswagen ID.7 Best-Seller,,Chicoutimi,1739480918.0,480.15,ElectricVehicles
"A reminder to UK EV owners, EV's will be charged £195< from April onwards, so renew yours now!","You've likely already heard that from April this year, the DVLA will start charging road tax (VED) for electric vehicles which can be upwards of £195!

It's possible to bag yourself an extra 12 months free if you renew in time.

Watch this quick video as it explains what is going on and shows you what you need to do:
https://youtu.be/4W_K_0CJB8U?si=U5gaJgBS1cGlPq5q

Just thought I'd post this both as a reminder to people as you need to do this before the end of March, and also for those who were unsure what it was they needed to do. Hope it helps.

Now to go rest, for tomorrow is my longest journey yet in my EV, and I can't wait!",RealWorldJunkie,1739558242.0,7.28,ElectricVehicles
Hertz EV Rental in LAX as a Foreigner,"Hi, I'm a foreigner who is going to LAX soon and by far, the cheapest option for Hertz car rental is the Intermediate Electric Elite (Polestar 2 or similar). I also just signed up for the Hertz Gold Reward free membership, if it changes anything. I also have never driven an EV.

Now I have read many reviews discouraging foreigners (especially ones new to EV) from renting EV as it can be a headache, from queuing up in charging stations, to broken chargers, to payment cards not working.

Questions:

1. I was wondering if I could still proceed to book this Intermediate Electric Elite option and then just ask them to change my car preference as I pick it up? Is this a ""perk"" of being a free gold member? Or will I still get up-charged?

2. I have also read that Teslas are a good starting point for EV beginners as it is more straightforward to use, such as at Tesla superchargers. If this is the case, would they allow me to switch to a Tesla? Or should I completely stop trying to rent an EV?

Appreciate all your responses!",GlobeTrotterBJ,1739556532.0,5.28,ElectricVehicles
Aston Martin EVs could get vibrating bodies for V12 feel,,linknewtab,1739535498.0,10.56,ElectricVehicles
Will out-of-home charging ever reach gas levels of convenience?,"Right now, ICE cars can pull into a gas station and get 350 miles of range in under 10 minutes. Do you think EV charging stations will get to that point in our lifetime?

Edit: not a bad faith “EVs suck“ post, just wondering what kind of advancements will be needed for this to be practical",Future-Advice3012,1739489791.0,64.97,ElectricVehicles
Chevy Blazer EV.R To Challenge Mustang Mach-E in NASCAR,,kevinxb,1739483960.0,101.85,ElectricVehicles
Does EVs heating system are generally bad compared to ICE cars?,"Hey,

I have some issues with my EV. You can have a look at my post here:
https://www.reddit.com/r/peugeot/comments/1ipycsq/peugeot_e208_issues/

My question is, does EVs heating system are really that bad or my car is the problem? This is my first EV so coming from an ICE car I get used to that no matter what, if I turned on the heating it was ON without any restrictions. If I turned ON the heated seats or steering wheel it was ON all the time. Never let me down. But here I am in winter and my heating system is rubbish, I feel like the heat pump gives me absolutely no benefit. The battery just tank like crazy. I just need a clarification that it is a general thing or this specific car or brand is the one to avoid in the future.
Thank you!

",YesGabol,1739614760.0,0.0,ElectricVehicles
New sub available for Jeep Wagoneer S EV,"Some good discussions already in this EV thread, but here’s a new place for anyone looking for Jeep Wagoneer S specific content. 
https://www.reddit.com/r/JeepWagoneerS/s/YmhHOX0G7f",LonghornLowe,1739537907.0,4.2,ElectricVehicles
Will Chevy ever bring back either these 2 cars? The Volt or the Bolt? why did they discontinue them?,"The Volt was a PHEV, or Plug-in-Hybrid, while the Bolt was a full EV, were both of these not selling well for Chevy?",H8beingmale,1739508527.0,11.22,ElectricVehicles
EV Charger - OK to use standard NEMA 14-50 for a short while?,"It is my understanding that standard 14-50 receptacles are not rated for continuous use that an EV charger demands.

  
I have purchased Leviton 1450R, which is appropriately rated for EV chargers, but the service will be hooked up a week or so before my electrician can swap them.

  
Can I run for a short while on the standard receptacles without major risk or issue?",nemock7,1739552696.0,1.16,ElectricVehicles
Will traditional OEMs ever adopt direct-to-consumer models for EVs?,"I'm currently taking a grad school entrepreneurship class. My idea for a startup was offering a 3-day test drive at your house for EVs and PHEVs. The car would be delivered, you would have time to drive it for your commute or errands, and then you would talk to the sales person. I thought this would help drive EV adoption by making people comfortable with charging, range anxiety, etc...

This got me thinking, do you think traditional OEMs will start offering something similar to compete with startups like Telsa and Rivian?

Will there be a move to direct-to-consumer models for EVs? (like what Scout Motors is doing)

(Obviously for my startup idea to work there would need to be a partnership with an OEM or dealership network; otherwise it would be a legal nightmare with the car dealership franchising laws)",Downtown_Salamander,1739505057.0,5.6,ElectricVehicles
"Senators propose killing US EV tax credit, new $1,000 tax for road repairs",,arsene14,1739402111.0,513.6,ElectricVehicles
Hyundai Might Reveal Solid State in March,,Bravadette,1739409343.0,166.17,ElectricVehicles
Are EREVs actually a step forward,"This looks like a step back in our electric transition, but could actually be a step forward, especially in the use cases of towing a trailer or in big rigs, like what Edison motors is trying to do. ",Admirable_North6673,1739415119.0,107.89999999999999,ElectricVehicles
The US needs far more hybrid vehicles than pure BEVs,"The US is short 128gw of capacity for the next five years, caused by data centers and manufacturing.

[https://www.utilitydive.com/news/shocking-forecast-us-electricity-load-could-grow-128-gw-over-next-5-years-Grid-Strategies/734820/](https://www.utilitydive.com/news/shocking-forecast-us-electricity-load-could-grow-128-gw-over-next-5-years-Grid-Strategies/734820/)

For example, Microsoft bought 100% of power generated by Three Mile Island when it reopens, until 2048.

[https://www.datacenterdynamics.com/en/news/three-mile-island-nuclear-power-plant-to-return-as-microsoft-signs-20-year-835mw-ai-data-center-ppa/](https://www.datacenterdynamics.com/en/news/three-mile-island-nuclear-power-plant-to-return-as-microsoft-signs-20-year-835mw-ai-data-center-ppa/)

It's not a given but it's possible that DCFC gets throttled in the next few years, changing the driving equation.  Both from power companies as well as by shared power for more chargers per location.

This did not pass but it shows recognition of a grid problem, that we can't get enough power to where people need it for dcfc.

[https://casten.house.gov/media/press-releases/casten-tonko-introduce-ev-grid-act-meet-increasing-electricity-demand-ev](https://casten.house.gov/media/press-releases/casten-tonko-introduce-ev-grid-act-meet-increasing-electricity-demand-ev)

**DCFC**

The demand for dcfc would be so big that current shortage is only 250kwh 365,714 DC fast chargers at once. With perfect change over (no one uses more than 30 minutes) only about 13.165 million vehicles could charge per day at that rate.

The US has 283.5 million vehicles, so you could charge every 21 days.    17 times per year

The average miles driven per year is about 14,500.   Requiring you to get 850 miles of range in 30 minutes only dc fast charging.

So to support 100% EVs using only dc fast charging the country needs about 500gigawatts of capacity just for EVs.  And the next five years most the demand is, again, for data centers and manufacturing.

So 100% dcfc seems unrealistic to get rid of gas vehicles on a 20 year timeline, if we assume they build that 128gw in the next five years

**L2**

If we switch to only 7.7kwh charging (30 @ 240) and people charge overnight mainly.

283.5 million cars would mostly be charged in two shifts of 8 hours each.  Home overnight and work during business hours. Very roughly this should account for overlap, fewer but longer sessions by some and weird schedules.  That's 141.75 million vehicles at once L2 charging.

For a BEV getting 60 miles each day would need to charge about 230 times per year per vehicle given 8 hours.   We basically need full capacity for 141.7 million vehicles at all times

That's 1091gigawatts of power needed

It's a lot higher due to more concurrent demand for longer in the day.  And the next five years most the demand is, again, for data centers and manufacturing.

**The problem**

The assumption of this is we cannot build that many fast chargers on any given timeframe.  It's easier to install slow chargers.

The average BEV range is about 300 miles.  Need to charge about 50 times a year, so once a week, if we could fast charge every week.

If we had perfect turnover and people that's a need for 15.75 million DC Fast chargers in the US, all  being used perfectly for 18 hours a day.  No idle time, someone is always waiting for you to end at every single one of them.  While that's not reasonable what does that require?

At $50k each that's $787,500,000,000 needed for chargers

NEVI is a $5 billion program for one year.  Even when running it's off by a factor of 150x.  We need to scale up charger funding to be over $35 billion every year for 20-years (to stay in line with potential generation scale up)

L2 chargers are cheaper, at an average of about $3500.  But needing one per every two vehicles it's only $495,950,000,000 in cost.  Still a lot of money.

The issue with going to an electric future isn't demand, it's electrical capacity and charger cost.

**Where Do We Put Them?**

About 2/3 of housing has a driveway.  Including all parking, only 48% have private parking.

Shared parking muddies things.  Imagine an apartment complex with 200 spots for 100 units.

People like to get a spot closest to their unit.  And what about guests?   The complex even adding 20 L2 chargers could cost be $1 million and they aren't going to be in the right places for anyone needing them.  They aren't going to be turned over well when people sit in the spot all night.   So long term will need more and more and more dedicated chargers.

Half the country is in a situation where charging is a pain.

The other half can charge overnight if they spend the money, and many can't.

Having a driveway doesn't mean their landlord will install one.  What if they need to upgrade the panel first?  About 30% of all homes have a 100 amp panel.

So even those who charge at home have problems to solve

So we need lots of public slow chargers and people today who don't want to pay the dcfc premium to be using them for many hours every day.

That 14500 miles is 39 per day.  Most people would be well served with a hybrid that can go 70-80 miles per full charge and charge nightly with grid management software determining when they need to be charged by.  You may be forced start at 1am, 3am or such to spread out demand.

**The answer?**

A slowdown in EV sales is coming as a result.  We aren't scaling up charging fast enough.  We're building out charging an order of magnitude slower than is needed.

The average car lasts 12.6 years.  That means half of all vehicles are over 13 years old.

A very rough estimate has 7% of cars on the road todays as EV in the US.

[https://www.eia.gov/todayinenergy/detail.php?id=62924](https://www.eia.gov/todayinenergy/detail.php?id=62924)

The answer is we need far more plug in hybrid models on the market in the next decade.   We need to slow down dcfc electrical demand by shifting sales away from BEVs.

The rest of the world is already heading that way.  1/3 of cars in Europe are hybrids and in China hybrid sales doubled and phevs could have a larger market share in a few years.

The exact numbers vary by country.  It appears to depend on how far people drive.  Norway is small and compact and as a result fewer than 10% of new electric vehicles are hybrids.   The US is large and low density so I would expect hybrids dominate electric vehicle sales long-term.   Cities like NYC will rely on public charging so I expect those with cars choose hybrids to have options.

[https://www.strategyand.pwc.com/de/en/industries/automotive/electric-vehicle-sales-review-2024-q2.html](https://www.strategyand.pwc.com/de/en/industries/automotive/electric-vehicle-sales-review-2024-q2.html)",flyingemberKC,1739557219.0,0.0,ElectricVehicles
EV exports from the USA,"If EV sales in the US decline because of changing policies, is there any chance that Ford and GM would make EVs for export but not sell them here at home?  ",Donindacula,1739482224.0,0.0,ElectricVehicles
Nissan follows BYD by bringing DeepSeek tech to its new N7 EV,,SpriteZeroY2k,1739378113.0,144.69,ElectricVehicles
Drove EV home and realized I have wrong outlet.,"My EV came with a NEMA 14-50 plug and I have a NEMA 6-50 electrical receptacle.

Would it be acceptable to get an adapter or should i be looking at an electrician to upgrade outlet?",Double_O_Sullivan,1739420559.0,11.84,ElectricVehicles
2025 Lucid Air Sapphire Review [Throttle House],,Bmotley,1739380503.0,64.6,ElectricVehicles
Global Electric Vehicles sales surge 18% year-over-year in January,,randolphquell,1739326039.0,1058.4,ElectricVehicles
EVGo system down nationally?,Anyone know when the system will be back up?,Bravadette,1739405280.0,9.600000000000001,ElectricVehicles
How Will Performance EVs Hold Up Over Time?,"EVs are still relatively new, but we’re starting to see more high-performance electric cars on the road. With brands like Lotus going all-in on EVs with the Eletre, Emeya, and Evija, I wonder how these cars will hold up long-term compared to traditional gas-powered performance cars.
Curious to hear from people who have had EVs for a while—how has your car changed over time? 🚗⚡",Rare-Standard3323,1739462337.0,0.0,ElectricVehicles
Best provider of subscriptions for charging electric vehicles valid,"Hi, do you know of a provider of subscriptions for charging electric vehicles, which has a single rate per kW in the subscription and which is valid at the same price per kW for any charging station in Europe? with a price below 0.20€/kW",United_Bit1756,1739450268.0,0.0,ElectricVehicles
Why Lucid's CEO Thinks 180-Mile EVs Are 'The Future' [InsideEVs],,markeydarkey2,1739311560.0,176.88,ElectricVehicles
Are high mileage EV going to be more reliable than high mileage ICE?,"I read a bunch of stuff about EVs being more reliable than ICE. Is a used high mileage EV (Hyundai Kona EV) better than a used ICE (like say any Mazda)

",Salty_Let_2975,1739315674.0,144.15,ElectricVehicles
"EV performance in winter much lower than advertised, CAA test finds",,SnoozeDoggyDog,1739309097.0,154.0,ElectricVehicles
How Reliable Are Chinese EVs?,"I know that in the US, it will be an uphill battle for Chinese EVs to enter the US market, but based on users in Europe, Asia, LatAm, MENA, Sub Saharan Africa, and Oceania, how reliable are they compared to EVs from the US (Tesla, GM, Ford), Europe, Japan, South Korea, and Vietnam (Vinfast)? How reliable are they compared to ICE cars?

Also, are the EV ""fires"" overexaggerated? My cousin believes Chinese EVs catch fire (he watches China Insider and China Observer and stuff), they are sold for dirt cheap prices as a clearance tactic, and they are so unreliable. Just wanting input from users.

I tried to tell my cousin that China Insider et al are propaganda but he dismissed my corroborations as ""fake"" and thought China Insider is a factual news source.

Disclaimer: I don't have any brothers. The aforementioned cousin of mine was born in 1995. I (23M) was born in 2001, and have two sisters (one was born in 1990, the other was born in 2001). I am the only male child in my family. ",MussleGeeYem,1739330336.0,37.74,ElectricVehicles
Revel nabs $60M in New York state funding to build more EV chargers,,randuhmize,1739306453.0,162.96,ElectricVehicles
"Illinois’ largest utility unveils $100M to spur EV adoption | ComEd rolled out the new incentives, which support fleet purchases and charging infrastructure upgrades, in the run-up to the Chicago Auto Show.",,silence7,1739307646.0,136.77,ElectricVehicles
Gas parking heater in an EV?,"I understand the controversy of the idea, but it might help in mitigating the range loss in cold weather. It is very unlikely that car manufacturers would ever offer such extra, but how about getting an aftermarket parking heater installed?",karesx,1739447338.0,0.0,ElectricVehicles
Why are Used Kia EV9s around and under $50k?,"They have low mileage, like under 10k.
EV9 Land MSRP is close to $70k new.
What am I missing here?",Tksourced,1739284703.0,113.03,ElectricVehicles
BYD Shakes Up EV Market—Tesla and Competitors Feel the Pressure,,SoPlowAnthony,1739286125.0,52.260000000000005,ElectricVehicles
"New EV owner here, no public charger. Are there federal or local incentives for installing one?","Hello and thank you in advance! 

I am a new EV owner (Hummer) and I love it already. I'm curious if there are any incentives for installing public charging stations in my town. I live in a vacation town (North Carolina) that I believe would greatly serve the community. It is a EV charging desert here. I am a contractor and have access to more advantageous installation costs as well as a great relationship with one of the major public charger manufacturers. I'm curious is there is any federal funding incentives or grants? 

  
Very much appreciate anyone's input, again thank you!",Realistic-Day-735,1739398762.0,0.0,ElectricVehicles
Legally enforceable 2nd life EV batteries for home power use?,"TLDR : Should EV manufacturers be legally obliged to make their EV batteries easily adaptable for home use?

Everyone recognises that, barring some rare exceptions, sooner or later cars get sold onwards in favour of a newer, better, bigger model or are so affected by some mechanical issue or trauma that they need to be scrapped.  In both these circumstances the resale value is often dramatically lower than ideal.  In many of these cases there will be a perfectly useful EV battery that, whilst no longer attractive to EV users due to lower range or charging speed, might serve as a fabulously capacious home battery solution, or part of one.

Looking around the internet it appears that this is utterly possible but comes with difficulties and roadblocks.  The biggest of all is the ability to communicate with and control the EV battery pack via its connections and components.  Each manufacturer has its way of doing things and often doesn't share the information.

Wouldn't it make sense if each manufacturer was legally required to publish such information and provide relevant software code so that EV batteries could be removed and repurposed easily within a domestic setting?

In a few years time I imagine my e-Niro being worth far less than its 64kWh battery would be if it were able to be used for a future home setup!  Some poor soul had to sell an old Kia for about £5000 despite the battery still being in decent shape. Even if at the end of it's useful vehicular life the battery has only 80% of its range and cannot charge anywhere close to the DC rate of newer vehicles it would be perfectly serviceable as a battery for the home, even capable of keeping a home going for a couple of days during a blackout in the winter.

A British gentleman on YouTube has actually done this with a Tesla EV battery pack.  Fair fxxxing play to the gent.  I don't think I have the technical chops to pull it off, so hopefully governments can step in and make it less scary to engage a professional to do it for me in the future.
https://youtu.be/N5MEEaXGjUU",JulesCT,1739378491.0,0.0,ElectricVehicles
"Could the $4,000 Used EV Tax Credit Be Eliminated Before I File for 2025?","I’m considering buying a used Tesla Model 3 that qualifies for the $4,000 used EV tax credit, but since the credit has to be claimed when filing taxes, I’m worried about what happens if the rules change before I file in early 2026 for the 2025 tax year.

Is there any real risk that the credit could be eliminated or reduced before then? Has anything like this happened with past tax credits? Would I still be able to claim it if I buy the car in 2025 but the credit changes before I file?

Would appreciate any insights, especially from those who’ve dealt with tax credits like this before!",lehgohawks,1739296298.0,5.67,ElectricVehicles
Getting 120v15A aux power from an EV 400v DC chassis battery,"I am anticipating new EV vans getting into the US.  Not all of them will have 120v15a AC aux power plugs in the back.  Baring a Manufacture feature,  are 12v DC inverters still the best way to get AC power from EV cars?   If so seems awfully inefficient.  Of course this is not how the Ford eTransit is implements  Power Pro.

In particular I'm thinking about the Ram Promaster city EV  that will be based on the Fiat e-Doblo we might see in 2026.  That van does not have AC aux power plugs in the back in Europe today. Don't understand how tradesmen don't need this.",cyberpine2,1739317725.0,3.0,ElectricVehicles
"China's BYD cuts entry price for smart EVs to below $10,000",,magenta_placenta,1739226233.0,249.1,ElectricVehicles
Volkswagen’s EV dreams fade unleashing uncertainty among German workers,,deppaotoko,1739232181.0,124.2,ElectricVehicles
Australian Government wants new tax on EVs – report,,Latter_Fortune_7225,1739264675.0,9.36,ElectricVehicles
I didn't know Walmart had EVs in their delivery fleet.,,tmiw,1739203141.0,153.6,ElectricVehicles
Why the red state of Utah is going green and embracing electric vehicles,,agileata,1739145681.0,411.59999999999997,ElectricVehicles
BMW bets on petrol cars as it warns of US ‘rollercoaster’ EV transition,,deppaotoko,1739174819.0,45.5,ElectricVehicles
Trump puts up roadblocks to Colorado’s plan to build electric vehicle chargers along highways,,Akkeri,1739119216.0,433.59,ElectricVehicles
108 level 2 chargers in one parkade,"Now that's how you do public charging right.  City of Victoria in Canada.  

No time limits on most of them and they only charge you 25 cents an hour because the power could be shared between up to 4 stations.  Great option for people without home charging that can commute to work and charge in the public parkades 

https://www.plugshare.com/location/8726

",stealstea,1739154390.0,57.949999999999996,ElectricVehicles
EVs on icy dirt roads?,"Tell me your experience with driving in very very bad winter conditions!  We live on a steep dirt road that is generally covered in ice for a few months out of the year. I see people saying you don't need AWD with EVs.. but really? I'm not talking about a little snow every now and then. I'm talking below freezing conditions on the daily, driving up and down an icy hill on an unplowed, poorly maintained dirt road.",forever-earnest,1739147838.0,17.25,ElectricVehicles
I think putting gas in my gas powered car is actually more inconvenient than keeping my EV charged,"I charge at home and don't road trip often and my wife's bronco sport is now oddly inconvenient every time I drive it it's out of gas. Seems to be the general public doesn't understand that though people seem to think owning an EV is inconvenient.


Edit: Sorry I didn't give this post more context I didn't mean to speak for everyone. I understand not everyone owns a home or has a place to charge. I was mostly just talking from my own personal experience and comparing things to my siblings and neighbors and people with similar backgrounds and situations.",JSmooVE39902,1739051402.0,985.5300000000001,ElectricVehicles
Resistance is Futile. EVs Are Inevitable - Autoline After Hours #729,,WeldAE,1739117354.0,24.57,ElectricVehicles
Chinese company CATL involved in Ford’s Marshall EV battery plant added to Pentagon blacklist,,itsthewolfe,1739090665.0,83.42,ElectricVehicles
How Tesla Can Help The U.S. Government Slash Millions In EV Charger Spending,,Receding_Hairline23,1739229791.0,0.0,ElectricVehicles
Take out your crystal ball: what's going to happen to the US EV market in the next 2 years?,"Being new to the EV club ('22 Chevy Bolt) and loving it, my wife has decided her next car will be an EV.

Having said that: considering the current climate as it relates to EVs, charging networks and the like, what do you see happening to the EV market the next two years? Will prices go up or down? Will gas-less driving become more popular or less? Will foreign competitors play any role?

I'm curious about this community's feelings about the future. ",Flying-buffalo,1739082273.0,44.800000000000004,ElectricVehicles
Illinois EV rebate 2025: any news?,"I applied to the Illinois EV rebate the day it opened (Jan 21). I am not low income. 

As of Feb 6, 2025 there were:
- 353 low income applications received, 0 awarded and
- 1650 non low income applications received and 0 awarded. 

Do you think this is on hold due to federal issues? How likely will there be any payouts this year? Has anyone gotten a notification at all via email or the online system?",More-Mail-3575,1739129086.0,4.26,ElectricVehicles
"China NEV retail at 786,000 in Jan, up 17% year-on-year while down 40% from Dec, preliminary CPCA data show",,kongweeneverdie,1739066965.0,35.28,ElectricVehicles
Do you think eliminaion of the federal EV credits will have knock on effects for state credits?,"With the elimination of federal credits, do you think there will be following affects on state credits?

For example California gives $2-8K consumer and $120K-$280K commercial vehicles. Could there be pressure or other factors that would have some impact (up or down): and what will be likely? ",itsthewolfe,1739086501.0,6.3,ElectricVehicles
German EV registrations rise on the month in January,,Peugeot905,1739034213.0,121.52,ElectricVehicles
"I don't want EVs to start coming in with NACS port natively. Other networks are getting more reliable, better speeds and even better amenities.","The NACS - mania that started with Ford getting supercharger access and then kept rolling until every brand, except for a few major luxury ones have committed to NACS.

Here's my dislike issues for NACS, specifically for NACS Tesla superchargers.

1. Not enough voltage. For EVs from Hyundai, Kia, GM high end vehicles, Lucid and even a few German luxury brands. High pack voltage EVs have to use a small onboard booster, this makes even the fastest charging EV a charging lemon at a supercharger.

2. Not enough current. EVs with very low pack voltage, similar to equinox, blazer, prologue need higher currents to charge faster at lower voltages. Superchargers suck at it. Ironically, a Chevy Equinox will charge faster at a 350kw station rated for 500 amps, than at a 150kw station, because of higher current ratings.

3. Tesla will solve the problem with V4 advocates. How long before all the superchargers that are either V3/V3.5 and open to non-Tesla EVs actually get upgraded to proper V4 - with the 4th Gen dispenser and 4th Gen cabinets, to support 1000V at 600A, as stated by Tesla Charging? We don't know. I say, not anytime before 2030.

4. Other Networks are slow to install NACS. This means that your EV capable of charging at high speeds can't charge at high speeds with your chargeport and the networks capable of charging at high speeds don't go into your chargeport. Ioniq5 2025 and Lucid gravity owners have to carry around charging adapters so that they can access networks that would otherwise have been capable of charging their cars without one, at the speeds their cars are designed for.

5. CCS is more capable than you know. There has been testing that shows that CCS can support up to 990kw charging speed, essentially megawatt charging. Future 2500s, 3500s and semi trucks can easily charge on an already established supply network for a charging port. NACS doesn't have that capability.

Let's show CCS some love, because it was tarnished by the bad charging networks, despite it being far more superior. ",Ok-Pea3414,1739165882.0,0.0,ElectricVehicles
"Would you be a 2 EV household with a long commute, or 1 EV and 1 ICE?","My wife has a once weekly 180 mile round trip commute.  Drives about 80-120 miles round trip 2-3 times a week.  I WFH full time.  We definitely need two cars available.

She's been driving an ICE Macan but we got a used OG Etron a couple months ago which has been excellent, was affordable, and is inexpensive to charge.  Trouble is, especially with winter temps 25-35f, it absolutely cannot make the 180 mile round trip w/out charging, something which I hadn't thought about.  There's one EA 350kW station at the halfway point but sometimes the working chargers are full (and people like to spend 40 minutes charging to 100% for some reason) and so what should be a 10 minute stop could be as long as an hour. Crummy way to end a long day.

I'd been planning to get a 2nd EV-- it does seem like some of the affordable used '21 or '22 AWD EVs could make that commute in winter (Not a fan of RWD ICE cars in freezing/snow conditions even w/ good tires).  What would you do, hang onto your ICE car or go full EV?

EDIT: Perhaps not surprisingly on an EV forum, most folks would go with 2 EVs.  However, running the numbers with a minimum mileage (lets be conservative and say 1 trip per week, 40 weeks a year-- in reality it would be more), keeping an existing good vehicle is financially the winner (when purchasing-- I didn't calculate for a lease).  The biggest factors are purchase price and sale price of the existing vehicle.  Efficiency, insurance costs, etc make relatively small differences (this analysis does not include residual value of the vehicle after 5 years).  Of course this analysis would be different if your existing vehicle needs major service or is near EOL.  Note: the tax includes incentives fed/state that won't apply to most readers

[Spreadsheet for 1 trip per week, 40 weeks per year, with some buffer added](https://preview.redd.it/8eqqecj2bdie1.png?width=813&format=png&auto=webp&s=c0f5695543a0b56e43049e1d99d927e16ea8b292)

For comparison, let's assume my wife's employer mandates 3 days a week onsite (which seems to be the current trend).  In this case, an affordable used EV absolutely KOs the ICE vehicle.

[3 days per week onsite](https://preview.redd.it/1h3x05bsbdie1.png?width=786&format=png&auto=webp&s=4f9bd06926bbef8cdb37e4b438553da11bb5edfd)",fitek,1739045289.0,39.56,ElectricVehicles
"Why did China choose the GB/T standard, and why did it feel the need to develop its own standards?","Also, 

Which other countries have adopted the GB/T standard?

Advantages of GB/T vis-a-vis NACS, CCS2/CCS1?",Ok-Pea3414,1739063445.0,8.16,ElectricVehicles
"Chevy Blazer Will Go EV-Only as GM Kills Gas Model: Report
The discontinuation of the gas-powered Chevy Blazer will also reportedly affect its Cadillac siblings, the XT5 and XT6.",,malongoria,1738953471.0,977.13,ElectricVehicles
EV etiquette question,"The other night I was at an event and couldn’t find a non EV parking spot. I have an EV but didn’t need to charge. Would it have been wrong to park in an EV spot? For the record, I didn’t.",Conscious_Issue2967,1739121157.0,0.0,ElectricVehicles
DeepSeek Is Already Making Its Way Into Chinese EVs,,SpriteZeroY2k,1738971472.0,103.24,ElectricVehicles
Best Public EV Charging Providers? Please agree or disagree with these statements.,"1) Is it fair to say that Tesla is the best provider as there chargers are: i) typically available, ii) typically operational and iii) costs are affordable i.e. non-peak costs are $0.30 per kW/h?

2) Is it correct to say that Electrify America is the next best provider. There chargers are  i) typically available, ii) typically operational and iii) costs are flat regardless of time of day and are $0.56 per kW/h?

3) Is it fair to say all other charging providers are pretty awful. Maybe it's just my luck but EVGo, ChargePoint are rarely operational and their website does a poor job telling you which ones are available or working? Or did I just get unlucky with them.",Ok_Atmosphere3601,1739064021.0,0.0,ElectricVehicles
Tesla's China-made EV sales fall 11.5% y/y in January,,deppaotoko,1738933500.0,473.09999999999997,ElectricVehicles
Building a 1 seater electric vehicle,"Does anyone think a 1 seater, enclosed electric vehicle could be used? I'm building one since I think electric mobility should be efficient and envoyermetally friendly. I personally think that electric vehicles with weight more than 1.8 tonnes should not get government incentives and all vehicles aboothat weight to be taxed to the bone. They are wasteful and stupid. 
I'm building a 1 seater, super aerodinamic electric vehicle. The vehicle weight should be around 200kg and use between 30/50 watt per km. 
Cars are used mostly by just one person so wh not have a super efficient and economical electric vehicle that does jus that. And when needs a car can rent one or own a car but not trash it in day to day use and keep it in good condition. But I think for the future an efficient renting scheme should be better this way one rent the vehicle type he need for that situation. A van to transport things, a 7 seater to take the whole family out, a 4x4 to go to the mountain, a sportscar for the weekend and so on. 
",ptv_hojbota,1739087420.0,0.0,ElectricVehicles
"Future of EV, range and charging time","Do you think if ev achieve 1000-2000km range most old 
Gasoline car companies will go bankrupt. Also if someone build car with 10000km range what will happen ,will we live permanently in it and travel.
Charging time can be minimized to 1-10 minutes and alternative battery options. Can we also have a car with zero maintainence.


Share your thoughts and predictions. ",Mohucool,1739088216.0,0.0,ElectricVehicles
It's Not About Public EV Chargers Numbers/Size. It's About Order,"So I rarely charge using a public station because it's a logistical disaster alot of the time.

Most EV charger providers hype up how many chargers they plan to roll out, but I'd really like them to focus on the logistics of queuing up vehicles. 

All Public EV chargers I've seen are in car parks and so you rely on people somehow self-organizing into a queue. I'd much rather see a queuing system like in gas station. Will they ever move towards that model?",Ok_Atmosphere3601,1739068466.0,0.0,ElectricVehicles
CAA puts electric vehicles to the test in Canadian winter,"Very interesting - this CAA ‘Electric Vehicle Winter Drive Test’ in Canada saw 14 EV models travel from downtown Ottawa to Mont-Tremblant’s village, testing real-world battery range, charging efficiency, and overall performance in snow, ice, and freezing temperatures. Results are going to be posted today.",Double_Down67,1738956014.0,48.36,ElectricVehicles
"This Is The EV That Everyone Wants, Apparently",,AccomplishedCheck895,1739077024.0,0.0,ElectricVehicles
"Stellantis Patents EV-Driven Winch, Potentially for Future EV Jeeps",,GrZ3Th,1738940381.0,44.1,ElectricVehicles
Feds Halt the National Electric Vehicle Charging Program,,ThisKidIsAlright,1738890049.0,637.98,ElectricVehicles
