Title,Author,Date,Text,Upvotes,Downvotes
"General Questions and Purchasing Advice Thread — Week of February 03, 2025",AutoModerator,2025-02-03 13:00:55,"**Need help choosing an EV, finding a home charger, or understanding whether you're eligible for a tax credit? Vehicle and product recommendation requests, buying experiences, and questions on credits/financing are all fair game here.** 

# Is an EV right for me? 

Generally speaking, electric vehicles imply a larger upfront cost than a traditional vehicle, but will pay off over time as your consumables cost (electricity instead of fuel) can be anywhere from 1/4 to 1/2 the cost. Calculators are available to help you estimate cost — here are some we recommend: 

* [https://www.chargevc.org/ev-calculator/](https://www.chargevc.org/ev-calculator/)
* [https://chooseev.com/savings-calculator/](https://chooseev.com/savings-calculator/)
* [https://electricvehicles.bchydro.com/learn/fuel-savings-calculator](https://electricvehicles.bchydro.com/learn/fuel-savings-calculator)
* [https://chargehub.com/en/calculator.html](https://chargehub.com/en/calculator.html)

# Are you looking for advice on which EV to buy or lease? 

Tell us a bit more about you and your situation, and make sure your comment includes the following information:        

>\[1\] Your general location  
>  
>\[2\] Your budget in $, €, or £  
>  
>\[3\] The type of vehicle you'd prefer  
>  
>\[4\] Which cars have you been looking at already?   
>  
>\[5\] Estimated timeframe of your purchase  
>  
>\[6\] Your daily commute, or average weekly mileage  
>  
>\[7\] Your living situation — are you in an apartment, townhouse, or single-family home?  
>  
>\[8\] Do you plan on installing charging at your home?  
>  
>\[9\] Other cargo/passenger needs — do you have children/pets?

*If you are more than a year off from a purchase, please refrain from posting, as we currently cannot predict with accuracy what your best choices will be at that time.* 

# Need tax credit/incentives help? 

* 🇨🇦 CAN — [Transport Canada iZEV Program](https://tc.canada.ca/en/road-transportation/innovative-technologies/zero-emission-vehicles)
* 🇺🇸 USA — [Clean Vehicle Provisions of Inflation Reduction Act](https://home.treasury.gov/news/press-releases/jy1179)

# Check the Wiki first. 

Don't forget, our Wiki contains a wealth of information for owners and potential owners, including:

* [EV Databases](https://www.reddit.com/r/electricvehicles/wiki/index/evreleases)
* [Dealer Markup Tracking](https://www.reddit.com/r/electricvehicles/wiki/index/dealermarkuptracker)
* [General Resources](https://www.reddit.com/r/electricvehicles/wiki/index/resources)

*Want to help us flesh out the Wiki? Have something you'd like to add? Contact the mod team with your suggestion on how to improve things, we can discuss approach and get you direct editing access.*",4,2
Ford’s ‘fake’ Mustang outsold the gas-powered one for the first time,PersiusAlloy,2025-02-05 14:54:03,,513,22
"Teslas turn toxic as sales crash in Europe and the UK — EV sales in the region are growing, but not for Tesla.",UGMadness,2025-02-05 16:18:32,,349,19
There’s finally some Tesla momentum to fire Elon Musk,displacedfantasy,2025-02-04 23:11:40,,2985,296
"Tesla's California car registrations down 12% in 2024, report shows",deppaotoko,2025-02-05 03:54:34,,614,33
Xpeng CEO says confident of doubling deliveries in 2025,Peugeot905,2025-02-05 15:04:31,,24,5
Tesla brings new discount to China amid demand slump,SpriteZeroY2k,2025-02-05 16:35:00,,17,4
Saw this camo'd EV at EA in Colorado Springs.,COS_4_Fun,2025-02-05 02:56:05,"The driver had no idea what it was (or so he claimed... , just that he was roadtesting it. Wasn't a Kia or a Hyundai as it was only charging at 75 kW.",207,11
Nissan to Reject Honda’s Merger Terms,retiredminion,2025-02-05 04:18:18,,134,6
"Toyota to set up wholly owned EV, battery unit in China",deppaotoko,2025-02-05 07:22:51,,61,6
